customerId,username,email,age
1,johndoe,johndoe@example.com,25
2,janedoe,janedoe@example.com,30
3,alicealice,alice@example.com,28
4,bobsmith,bobsmith@example.com,35
5,sarahjones,sarahjones@example.com,22
6,mikebrown,mikebrown@example.com,40
7,lisawilliams,lisawilliams@example.com,27
8,alexanderwilson,alexanderwilson@example.com,32
9,emilydavis,emilydavis@example.com,29
10,ryanjackson,ryanjackson@example.com,31
11,oliverbrown,oliverbrown@example.com,26
12,sophiewilliams,sophiewilliams@example.com,33
13,harrysmith,harrysmith@example.com,29
14,gracejackson,gracejackson@example.com,27
15,liamwilson,liamwilson@example.com,24
16,scarlettthompson,scarlettthompson@example.com,31
17,noahdavis,noahdavis@example.com,28
18,isabellamartin,isabellamartin@example.com,25
19,lucascarter,lucascarter@example.com,30
20,oliviawilson,oliviawilson@example.com,32
21,thomasjohnson,thomasjohnson@example.com,29
22,ameliajones,ameliajones@example.com,26
23,jacobrodriguez,jacobrodriguez@example.com,23
24,emilytaylor,emilytaylor@example.com,27
25,ethanbrown,ethanbrown@example.com,31
26,miaclark,miaclark@example.com,28
27,jameswilson,jameswilson@example.com,25
28,charlotteharris,charlotteharris@example.com,29
29,williammartin,williammartin@example.com,26
30,sophialopez,sophialopez@example.com,24
11,oliverbrown,oliverbrown@example.com,26
12,sophiewilliams,sophiewilliams@example.com,33
13,harrysmith,harrysmith@example.com,29
14,gracejackson,gracejackson@example.com,27
15,liamwilson,liamwilson@example.com,24
16,scarlettthompson,scarlettthompson@example.com,31
17,noahdavis,noahdavis@example.com,28
18,isabellamartin,isabellamartin@example.com,25
19,lucascarter,lucascarter@example.com,30
20,oliviawilson,oliviawilson@example.com,32
21,thomasjohnson,thomasjohnson@example.com,29
22,ameliajones,ameliajones@example.com,26
23,jacobrodriguez,jacobrodriguez@example.com,23
24,emilytaylor,emilytaylor@example.com,27
25,ethanbrown,ethanbrown@example.com,31
26,miaclark,miaclark@example.com,28
27,jameswilson,jameswilson@example.com,25
28,charlotteharris,charlotteharris@example.com,29
29,williammartin,williammartin@example.com,26
30,sophialopez,sophialopez@example.com,24
31,oliverjones,oliverjones@example.com,27
32,sophiawilson,sophiawilson@example.com,24
33,harrythompson,harrythompson@example.com,31
34,gracewilson,gracewilson@example.com,28
35,liamrodriguez,liamrodriguez@example.com,25
36,scarlettmartin,scarlettmartin@example.com,29
37,noahjackson,noahjackson@example.com,26
38,isabellarobinson,isabellarobinson@example.com,23
39,lucasdavis,lucasdavis@example.com,27
40,oliviajohnson,oliviajohnson@example.com,31
41,thomassmith,thomassmith@example.com,28
42,ameliabrown,ameliabrown@example.com,25
43,jacobwilliams,jacobwilliams@example.com,29
44,emilyjones,emilyjones@example.com,26
45,ethanwilson,ethanwilson@example.com,23
46,miajohnson,miajohnson@example.com,27
47,jamesdavis,jamesdavis@example.com,31
48,charlotteclark,charlotteclark@example.com,28
49,williamthompson,williamthompson@example.com,25
50,sophialopez,sophialopez@example.com,29
51,olivermartin,olivermartin@example.com,26
52,sophiewilson,sophiewilson@example.com,23
53,harrybrown,harrybrown@example.com,27
54,gracejackson,gracejackson@example.com,31
55,liamroberts,liamroberts@example.com,28
56,scarlettthomas,scarlettthomas@example.com,25
57,noahharris,noahharris@example.com,29
58,isabellamartinez,isabellamartinez@example.com,26
59,lucaslopez,lucaslopez@example.com,23
60,oliviawilliams,oliviawilliams@example.com,27
61,thomasdavis,thomasdavis@example.com,31
62,ameliawilson,ameliawilson@example.com,28
63,jacobthompson,jacobthompson@example.com,25
64,emilybrown,emilybrown@example.com,29
65,ethanjackson,ethanjackson@example.com,26
66,miasmith,miasmith@example.com,23
67,jamesrodriguez,jamesrodriguez@example.com,27
68,charlottewilson,charlottewilson@example.com,31
69,williamjohnson,williamjohnson@example.com,28
70,sophiamartin,sophiamartin@example.com,25
71,oliviarobinson,oliviarobinson@example.com,29
72,oliverwilson,oliverwilson@example.com,26
73,sophiaroberts,sophiaroberts@example.com,23
74,harryjohnson,harryjohnson@example.com,27
75,gracewilliams,gracewilliams@example.com,31
76,liamharris,liamharris@example.com,28
77,scarlettjackson,scarlettjackson@example.com,25
78,noahrodriguez,noahrodriguez@example.com,29
79,isabellathompson,isabellathompson@example.com,26
80,lucasbrown,lucasbrown@example.com,23
81,oliviamartin,oliviamartin@example.com,27
82,thomaswilson,thomaswilson@example.com,31
83,ameliawilliams,ameliawilliams@example.com,28
84,jacobsmith,jacobsmith@example.com,25
85,emilythompson,emilythompson@example.com,29
86,ethanrodriguez,ethanrodriguez@example.com,26
87,miajackson,miajackson@example.com,23
88,jameswilson,jameswilson@example.com,27
89,charlottebrown,charlottebrown@example.com,31
90,williamthomas,williamthomas@example.com,28
91,sophialopez,sophialopez@example.com,25
92,olivermartinez,olivermartinez@example.com,29
93,sophiewilson,sophiewilson@example.com,26
94,harrybrown,harrybrown@example.com,23
95,gracejackson,gracejackson@example.com,27
96,liamroberts,liamroberts@example.com,31
97,scarlettthomas,scarlettthomas@example.com,28
98,noahharris,noahharris@example.com,25
99,isabellamartinez,isabellamartinez@example.com,29
100,lucaslopez,lucaslopez@example.com,26
101,oliviajohnson,oliviajohnson@example.com,27
102,thomasdavis,thomasdavis@example.com,24
103,ameliawilson,ameliawilson@example.com,31
104,jacobthompson,jacobthompson@example.com,28
105,emilybrown,emilybrown@example.com,25
106,ethanjackson,ethanjackson@example.com,29
107,miasmith,miasmith@example.com,26
108,jamesrodriguez,jamesrodriguez@example.com,23
109,charlottewilson,charlottewilson@example.com,27
110,williamjohnson,williamjohnson@example.com,31
111,sophiamartin,sophiamartin@example.com,28
112,oliviarobinson,oliviarobinson@example.com,25
113,oliverwilson,oliverwilson@example.com,29
114,sophiaroberts,sophiaroberts@example.com,26
115,harryjohnson,harryjohnson@example.com,23
116,gracewilliams,gracewilliams@example.com,27
117,liamharris,liamharris@example.com,31
118,scarlettjackson,scarlettjackson@example.com,28
119,noahrodriguez,noahrodriguez@example.com,25
120,isabellathompson,isabellathompson@example.com,29
121,lucasbrown,lucasbrown@example.com,26
122,oliviamartin,oliviamartin@example.com,23
123,thomaswilson,thomaswilson@example.com,27
124,ameliawilliams,ameliawilliams@example.com,31
125,jacobsmith,jacobsmith@example.com,28
126,emilythompson,emilythompson@example.com,25
127,ethanrodriguez,ethanrodriguez@example.com,29
128,miajackson,miajackson@example.com,26
129,jameswilson,jameswilson@example.com,23
130,charlottebrown,charlottebrown@example.com,27
131,williamthomas,williamthomas@example.com,31
132,sophialopez,sophialopez@example.com,28
133,olivermartinez,olivermartinez@example.com,25
134,sophiewilson,sophiewilson@example.com,29
135,harrybrown,harrybrown@example.com,26
136,gracejackson,gracejackson@example.com,23
137,liamroberts,liamroberts@example.com,27
138,scarlettthomas,scarlettthomas@example.com,31
139,noahharris,noahharris@example.com,28
140,isabellamartinez,isabellamartinez@example.com,25
141,lucaslopez,lucaslopez@example.com,29
142,oliviawilliams,oliviawilliams@example.com,26
143,thomasdavis,thomasdavis@example.com,23
144,ameliawilson,ameliawilson@example.com,27
145,jacobthompson,jacobthompson@example.com,31
146,emilybrown,emilybrown@example.com,28
147,ethanjackson,ethanjackson@example.com,25
148,miasmith,miasmith@example.com,29
149,jamesrodriguez,jamesrodriguez@example.com,26
150,charlottewilson,charlottewilson@example.com,23
151,williamjohnson,williamjohnson@example.com,27
152,sophiamartin,sophiamartin@example.com,31
153,oliviarobinson,oliviarobinson@example.com,28
154,oliverwilson,oliverwilson@example.com,25
155,sophiaroberts,sophiaroberts@example.com,29
156,harryjohnson,harryjohnson@example.com,26
157,gracewilliams,gracewilliams@example.com,23
158,liamharris,liamharris@example.com,27
159,scarlettjackson,scarlettjackson@example.com,31
160,noahrodriguez,noahrodriguez@example.com,28
161,isabellathompson,isabellathompson@example.com,25
162,lucasbrown,lucasbrown@example.com,29
163,oliviamartin,oliviamartin@example.com,26
164,thomaswilson,thomaswilson@example.com,23
165,ameliawilliams,ameliawilliams@example.com,27
166,jacobsmith,jacobsmith@example.com,31
167,emilythompson,emilythompson@example.com,28
168,ethanrodriguez,ethanrodriguez@example.com,25
169,miajackson,miajackson@example.com,29
170,jameswilson,jameswilson@example.com,26
171,charlottebrown,charlottebrown@example.com,23
172,williamthomas,williamthomas@example.com,27
173,sophialopez,sophialopez@example.com,31
174,olivermartinez,olivermartinez@example.com,28
175,sophiewilson,sophiewilson@example.com,25
176,harrybrown,harrybrown@example.com,29
177,gracejackson,gracejackson@example.com,26
178,liamroberts,liamroberts@example.com,23
179,scarlettthomas,scarlettthomas@example.com,27
180,noahharris,noahharris@example.com,31
181,isabellamartinez,isabellamartinez@example.com,28
182,lucaslopez,lucaslopez@example.com,25
183,oliviawilliams,oliviawilliams@example.com,29
184,thomasdavis,thomasdavis@example.com,26
185,ameliawilson,ameliawilson@example.com,23
186,jacobthompson,jacobthompson@example.com,27
187,emilybrown,emilybrown@example.com,31
188,ethanjackson,ethanjackson@example.com,28
189,miasmith,miasmith@example.com,25
190,jamesrodriguez,jamesrodriguez@example.com,29
191,charlottewilson,charlottewilson@example.com,26
192,williamjohnson,williamjohnson@example.com,23
193,sophiamartin,sophiamartin@example.com,27
194,oliviarobinson,oliviarobinson@example.com,31
195,oliverwilson,oliverwilson@example.com,28
196,sophiaroberts,sophiaroberts@example.com,25
197,harryjohnson,harryjohnson@example.com,29
198,gracewilliams,gracewilliams@example.com,26
199,liamharris,liamharris@example.com,23
200,scarlettjackson,scarlettjackson@example.com,27
201,noahrodriguez,noahrodriguez@example.com,31
202,isabellathompson,isabellathompson@example.com,28
203,lucasbrown,lucasbrown@example.com,25
204,oliviamartin,oliviamartin@example.com,29
205,thomaswilson,thomaswilson@example.com,26
206,ameliawilliams,ameliawilliams@example.com,23
207,jacobsmith,jacobsmith@example.com,27
